{
  "accuracy": 0.0694642493379507,
  "precision": 0.06113895009520566,
  "recall": 0.0694642493379507,
  "f1": 0.05099011397431621,
  "total_samples": 4909,
  "confusion_matrix": [
    [
      26,
      0,
      19,
      0,
      36,
      2,
      75,
      0,
      454,
      0
    ],
    [
      0,
      81,
      0,
      0,
      0,
      0,
      0,
      0,
      0,
      0
    ],
    [
      585,
      0,
      47,
      0,
      12,
      0,
      692,
      2,
      130,
      0
    ],
    [
      0,
      4,
      105,
      0,
      0,
      0,
      58,
      0,
      281,
      0
    ],
    [
      0,
      7,
      27,
      0,
      0,
      0,
      103,
      0,
      293,
      0
    ],
    [
      20,
      0,
      34,
      0,
      0,
      0,
      66,
      0,
      316,
      0
    ],
    [
      16,
      0,
      56,
      0,
      428,
      1,
      62,
      0,
      46,
      0
    ],
    [
      3,
      0,
      21,
      0,
      0,
      0,
      32,
      0,
      77,
      0
    ],
    [
      14,
      0,
      136,
      0,
      0,
      0,
      5,
      5,
      125,
      0
    ],
    [
      16,
      0,
      8,
      0,
      0,
      0,
      67,
      305,
      11,
      0
    ]
  ],
  "per_class_metrics": {
    "Toileting": {
      "precision": 0.03823529411764706,
      "recall": 0.042483660130718956,
      "f1": 0.04024767801857585,
      "support": 612
    },
    "Showering": {
      "precision": 0.8804347826086957,
      "recall": 1.0,
      "f1": 0.9364161849710982,
      "support": 81
    },
    "Spare_Time/TV": {
      "precision": 0.10375275938189846,
      "recall": 0.03201634877384196,
      "f1": 0.048932847475273294,
      "support": 1468
    },
    "Breakfast": {
      "precision": 0.0,
      "recall": 0.0,
      "f1": 0.0,
      "support": 448
    },
    "Lunch": {
      "precision": 0.0,
      "recall": 0.0,
      "f1": 0.0,
      "support": 430
    },
    "Snack": {
      "precision": 0.0,
      "recall": 0.0,
      "f1": 0.0,
      "support": 436
    },
    "Grooming": {
      "precision": 0.05344827586206897,
      "recall": 0.10180623973727422,
      "f1": 0.07009609949123799,
      "support": 609
    },
    "Dinner": {
      "precision": 0.0,
      "recall": 0.0,
      "f1": 0.0,
      "support": 133
    },
    "Sleeping": {
      "precision": 0.07212925562608194,
      "recall": 0.43859649122807015,
      "f1": 0.12388503468780972,
      "support": 285
    },
    "Leaving": {
      "precision": 0.0,
      "recall": 0.0,
      "f1": 0.0,
      "support": 407
    }
  },
  "activity_labels": [
    "Toileting",
    "Showering",
    "Spare_Time/TV",
    "Breakfast",
    "Lunch",
    "Snack",
    "Grooming",
    "Dinner",
    "Sleeping",
    "Leaving"
  ]
}