{
  "alignment_quality": {
    "accuracy": 0.019999999552965164,
    "avg_correct_similarity": 0.011365530081093311,
    "avg_incorrect_similarity": 0.007074546068906784,
    "margin": 0.004290984012186527,
    "diagonal_similarities": "[ 0.10025311 -0.10884884  0.16227686  0.15334351  0.15604319  0.0326707\n -0.04762717 -0.03338265  0.16086413  0.03700184 -0.06938751  0.16477542\n  0.1611219  -0.04164495 -0.10272504 -0.03344164  0.02820118 -0.06869941\n -0.07061149 -0.03902133  0.03823482  0.10891605 -0.0995426  -0.13187619\n  0.1637666   0.16417181 -0.04206393 -0.05848079  0.02487537 -0.04874337\n -0.07051034 -0.03227951 -0.04446483  0.15978813  0.1018778  -0.02651318\n -0.09657139 -0.06590735  0.16094199 -0.0474247   0.01878524 -0.03316273\n  0.14323097 -0.0292231  -0.03467175 -0.02543614 -0.05411914 -0.0935808\n -0.06682948  0.04392723]",
    "similarity_matrix": "[[ 0.10025311 -0.10884884  0.16227686 ... -0.0935808  -0.06682948\n   0.04392723]\n [ 0.10025311 -0.10884884  0.16227686 ... -0.0935808  -0.06682948\n   0.04392723]\n [ 0.10025311 -0.10884884  0.16227686 ... -0.0935808  -0.06682948\n   0.04392723]\n ...\n [ 0.10025311 -0.10884884  0.16227686 ... -0.0935808  -0.06682948\n   0.04392723]\n [ 0.10025311 -0.10884884  0.16227686 ... -0.0935808  -0.06682948\n   0.04392723]\n [ 0.10025311 -0.10884884  0.16227686 ... -0.0935808  -0.06682948\n   0.04392723]]"
  },
  "activity_performance": {
    "overall_avg_similarity": 0.011365531012415886,
    "overall_std_similarity": 0.09437748044729233,
    "activity_stats": {
      "Spare_Time/TV": {
        "count": 8,
        "avg_similarity": -0.038402408361434937,
        "std_similarity": 0.008450433611869812,
        "min_similarity": -0.04874337464570999,
        "max_similarity": -0.02543613500893116
      },
      "Breakfast": {
        "count": 9,
        "avg_similarity": 0.014214701019227505,
        "std_similarity": 0.03612418472766876,
        "min_similarity": -0.05411914736032486,
        "max_similarity": 0.043927229940891266
      },
      "Snack": {
        "count": 1,
        "avg_similarity": -0.07051033526659012,
        "std_similarity": NaN,
        "min_similarity": -0.07051033526659012,
        "max_similarity": -0.07051033526659012
      },
      "Toileting": {
        "count": 6,
        "avg_similarity": -0.09144889563322067,
        "std_similarity": 0.02220058999955654,
        "min_similarity": -0.10884883254766464,
        "max_similarity": -0.04742470383644104
      },
      "Lunch": {
        "count": 3,
        "avg_similarity": -0.07319335639476776,
        "std_similarity": 0.052884381264448166,
        "min_similarity": -0.1318761706352234,
        "max_similarity": -0.02922309748828411
      },
      "Grooming": {
        "count": 9,
        "avg_similarity": -0.05278046056628227,
        "std_similarity": 0.018709378316998482,
        "min_similarity": -0.07061149179935455,
        "max_similarity": -0.026513177901506424
      },
      "Sleeping": {
        "count": 2,
        "avg_similarity": 0.14828723669052124,
        "std_similarity": 0.007150644902139902,
        "min_similarity": 0.14323095977306366,
        "max_similarity": 0.15334349870681763
      },
      "Leaving": {
        "count": 9,
        "avg_similarity": 0.16152778267860413,
        "std_similarity": 0.00267317914403975,
        "min_similarity": 0.1560431718826294,
        "max_similarity": 0.16477543115615845
      },
      "Showering": {
        "count": 3,
        "avg_similarity": 0.10368232429027557,
        "std_similarity": 0.004604762885719538,
        "min_similarity": 0.10025311261415482,
        "max_similarity": 0.10891605168581009
      }
    }
  },
  "evaluation_summary": {
    "accuracy": 0.019999999552965164,
    "margin": 0.004290984012186527,
    "overall_similarity": 0.011365531012415886,
    "test_samples": 50
  }
}